{"train_batch_loss": 1.5548326969146729, "_timestamp": 1725595054, "_runtime": 37, "_step": 960, "train_loss": 1.661289562570288, "val_loss": 1.4440909400582314, "val_acc": 0.366, "mae": 1.807, "mse": 6.635, "rmse": 2.5758493744782514, "r2": -0.9689882130756844, "best_acc": 0.464, "epoch": 4, "_wandb": {"runtime": 37}}