{"train_batch_loss": 1.654832363128662, "_timestamp": 1725595710, "_runtime": 34, "_step": 960, "train_loss": 1.7167810125553862, "val_loss": 1.4446768909692764, "val_acc": 0.464, "mae": 1.807, "mse": 6.635, "rmse": 2.5758493744782514, "r2": -0.9689882130756842, "best_acc": 0.464, "epoch": 1, "_wandb": {"runtime": 34}}