{"train_batch_loss": 1.592333197593689, "_timestamp": 1725595960, "_runtime": 16, "_step": 339, "train_loss": 1.7221516522955387, "val_loss": 1.4388175383210182, "val_acc": 0.464, "mae": 1.807, "mse": 6.635, "rmse": 2.5758493744782514, "r2": -0.9689882130756842}