{"train_batch_loss": 1.7298327684402466, "_timestamp": 1725595842, "_runtime": 37, "_step": 960, "train_loss": 1.626246320440414, "val_loss": 1.43998933583498, "val_acc": 0.083, "mae": 1.807, "mse": 6.635, "rmse": 2.5758493744782514, "r2": -0.9689882130756844, "best_acc": 0.464, "epoch": 3, "_wandb": {"runtime": 36}}