{"train_batch_loss": 1.7298327684402466, "_timestamp": 1725590951, "_runtime": 36, "_step": 960, "train_loss": 1.635073372658263, "val_loss": 1.4408796727657318, "val_acc": 0.083, "mae": 1.807, "mse": 6.635, "rmse": 2.5758493744782514, "r2": -0.9689882130756842, "best_acc": 0.464, "epoch": 1, "_wandb": {"runtime": 37}}