{"train_batch_loss": 1.5528628826141357, "_timestamp": 1725595528, "_runtime": 35, "_step": 960, "train_loss": 1.5623085625628208, "val_loss": 1.442918986082077, "val_acc": 0.366, "mae": 1.807, "mse": 6.635, "rmse": 2.5758493744782514, "r2": -0.9689882130756844, "best_acc": 0.464, "epoch": 2, "_wandb": {"runtime": 35}}